{
"baldenheim": [
7.535054,
48.243902
],
"batzendorf": [
7.706451,
48.782534
],
"berstheim": [
7.674855,
48.790991
],
"bietlenheim": [
7.783209,
48.71889
],
"bindernheim": [
7.613297,
48.284242
],
"boesenbiesen": [
7.563606,
48.227662
],
"butten": [
7.221843,
48.969605
],
"crastatt": [
7.427961,
48.659357
],
"dahlenheim": [
7.504937,
48.583395
],
"dinsheim sur bruche": [
7.424365,
48.542611
],
"duppigheim": [
7.592056,
48.534535
],
"eberbach seltz": [
8.06526,
48.927448
],
"ebersmunster": [
7.525012,
48.308483
],
"wangenbourg engenthal": [
7.301945,
48.61907
],
"fessenheim le bas": [
7.539137,
48.631595
],
"gambsheim": [
7.889485,
48.692147
],
"gingsheim perimee": [],
"goerlingen": [
7.080989,
48.794827
],
"goxwiller": [
7.486298,
48.430678
],
"gresswiller": [
7.418434,
48.533727
],
"haegen": [
7.336622,
48.712961
],
"handschuheim": [
7.571625,
48.602396
],
"hattmatt": [
7.42421,
48.791272
],
"heiligenstein": [
7.451022,
48.42045
],
"herbitzheim": [
7.082764,
49.013811
],
"hipsheim": [
7.675151,
48.466011
],
"hirschland": [
7.118906,
48.83645
],
"hoenheim": [
7.748813,
48.6252
],
"hunspach": [
7.934111,
48.957409
],
"ingwiller": [
7.477593,
48.874901
],
"innenheim": [
7.572942,
48.497079
],
"ittenheim": [
7.593317,
48.606343
],
"kertzfeld": [
7.568421,
48.380189
],
"keskastel": [
7.046375,
48.975416
],
"kienheim": [
7.579844,
48.690928
],
"kirchheim": [
7.493945,
48.608331
],
"kurtzenhouse": [
7.808074,
48.739992
],
"lauterbourg": [
8.182747,
48.968013
],
"lembach": [
7.792589,
49.007165
],
"leutenheim": [
8.022677,
48.845419
],
"lipsheim": [
7.666472,
48.490255
],
"littenheim": [
7.488876,
48.72869
],
"lupstein": [
7.48316,
48.740382
],
"mackwiller": [
7.178799,
48.924324
],
"matzenheim": [
7.624984,
48.391206
],
"mertzwiller": [
7.684364,
48.864637
],
"mittelhausbergen": [
7.691411,
48.614015
],
"mittelhausen perimee": [],
"molsheim": [
7.505367,
48.54001
],
"mommenheim": [
7.64992,
48.758858
],
"morschwiller": [
7.627167,
48.82036
],
"muttersholtz": [
7.519123,
48.269039
],
"mutzig": [
7.459405,
48.536102
],
"neewiller pres lauterbourg": [
8.12579,
48.954994
],
"niederhausbergen": [
7.708589,
48.625003
],
"niedermodern": [
7.625302,
48.843642
],
"niederroedern": [
8.045114,
48.906356
],
"oberhaslach": [
7.307893,
48.559477
],
"oberschaeffolsheim": [
7.646742,
48.590597
],
"osthoffen": [
7.554872,
48.586302
],
"ottersthal": [
7.350731,
48.754441
],
"plobsheim": [
7.728656,
48.470532
],
"quatzenheim": [
7.571953,
48.623689
],
"reichshoffen": [
7.676396,
48.938269
],
"reinhardsmunster": [
7.316789,
48.678686
],
"richtolsheim": [
7.595039,
48.225121
],
"roeschwoog": [
8.033116,
48.828442
],
"rohrwiller": [
7.903752,
48.756514
],
"rosenwiller": [
7.437068,
48.506501
],
"rossfeld": [
7.615899,
48.338593
],
"rountzenheim": [
8.01229,
48.817614
],
"saasenheim": [
7.618228,
48.234174
],
"saessolsheim": [
7.513822,
48.708575
],
"sand": [
7.606967,
48.380682
],
"schalkendorf": [
7.562263,
48.832634
],
"schwindratzheim": [
7.600219,
48.760415
],
"sessenheim": [
7.988786,
48.796437
],
"soultz les bains": [
7.483568,
48.571694
],
"soultz sous forets": [
7.882992,
48.939441
],
"sparsbach": [
7.419035,
48.877918
],
"stotzheim": [
7.492123,
48.378408
],
"sundhouse": [
7.605229,
48.251335
],
"surbourg": [
7.84463,
48.910527
],
"uttenheim": [
7.598659,
48.41046
],
"valff": [
7.521987,
48.421437
],
"voellerdingen": [
7.138085,
48.961979
],
"wahlenheim": [
7.685239,
48.763566
],
"waltenheim sur zorn": [
7.628069,
48.747036
],
"willgottheim": [
7.509443,
48.674146
],
"wintzenheim kochersberg": [
7.513647,
48.65882
],
"wissembourg": [
7.953119,
49.015263
],
"witternheim": [
7.612665,
48.312829
],
"woerth": [
7.74308,
48.944552
],
"wolxheim": [
7.507331,
48.568209
],
"bernwiller": [
7.183035,
47.693688
],
"andolsheim": [
7.417677,
48.061288
],
"aspach michelbach": [
7.128953,
47.77765
],
"baldersheim": [
7.382216,
47.800943
],
"balgau": [
7.538972,
47.92792
],
"ballersdorf": [
7.160268,
47.623575
],
"bantzenheim": [
7.51341,
47.822164
],
"bartenheim": [
7.493037,
47.635827
],
"battenheim": [
7.3817,
47.82033
],
"beblenheim": [
7.332684,
48.15901
],
"bellemagny": [
7.065299,
47.687657
],
"berentzwiller": [
7.384021,
47.585654
],
"bernwiller perimee": [
7.183035,
47.693688
],
"biederthal": [
7.446665,
47.470683
],
"bisel": [
7.220199,
47.53525
],
"bollwiller": [
7.259493,
47.858617
],
"burnhaupt le bas": [
7.160919,
47.717845
],
"burnhaupt le haut": [
7.137517,
47.736969
],
"dessenheim": [
7.486456,
47.976269
],
"didenheim perimee": [],
"durrenentzen": [
7.50432,
48.092939
],
"elbach": [
7.076611,
47.641352
],
"fessenheim": [
7.527768,
47.913314
],
"fislis": [
7.38032,
47.511143
],
"fortschwihr": [
7.446362,
48.090158
],
"froeningen": [
7.270204,
47.69026
],
"gildwiller": [
7.137452,
47.690136
],
"guemar": [
7.394394,
48.189198
],
"hagenthal le bas": [
7.48451,
47.531462
],
"hagenthal le haut": [
7.467587,
47.521217
],
"hartmannswiller": [
7.215368,
47.861882
],
"heidwiller": [
7.238284,
47.658823
],
"hesingue": [
7.524635,
47.576778
],
"porte du ried": [
7.428206,
48.112947
],
"kingersheim": [
7.325047,
47.788855
],
"leimbach": [
7.10254,
47.791917
],
"liebsdorf": [
7.230728,
47.477397
],
"logelheim": [
7.410431,
48.021209
],
"luemschwiller": [
7.286256,
47.655558
],
"lutterbach": [
7.277703,
47.759291
],
"metzeral": [
7.067259,
48.011582
],
"montreux vieux": [
7.022343,
47.618338
],
"munwiller": [
7.345934,
47.93033
],
"nambsheim": [
7.561439,
47.934265
],
"niederentzen": [
7.380711,
47.949357
],
"niffer": [
7.509189,
47.71362
],
"oberlarg": [
7.232843,
47.457599
],
"obersaasheim": [
7.558509,
47.989806
],
"oltingue": [
7.392263,
47.490509
],
"ottmarsheim": [
7.506679,
47.787066
],
"raedersheim": [
7.280235,
47.888696
],
"ranspach le haut": [
7.421433,
47.578199
],
"reiningue": [
7.231508,
47.751339
],
"retzwiller": [
7.097603,
47.631016
],
"riquewihr": [
7.293183,
48.170222
],
"ruelisheim": [
7.348988,
47.826609
],
"rumersheim le haut": [
7.521929,
47.851008
],
"schweighouse thann": [
7.165274,
47.752919
],
"soultz haut rhin": [
7.226373,
47.887571
],
"soultzmatt": [
7.223453,
47.96911
],
"steinbrunn le bas": [
7.369179,
47.672504
],
"sternenberg": [
7.093853,
47.696175
],
"uffholtz": [
7.184354,
47.818688
],
"urschenheim": [
7.485803,
48.085528
],
"weckolsheim": [
7.512488,
48.001442
],
"willer": [
7.325321,
47.583674
],
"wintzenheim": [
7.276905,
48.074451
],
"wittenheim": [
7.321897,
47.814198
],
"wolschwiller": [
7.407478,
47.461394
],
"gingsheim": []
}